{
  "name": "SRTI-v2-00-00-Manager-GUI",
  "version": "0.69.01",
  "license": "CC0-1.0",
  "description": "A GUI application to help run a local SRTI simulator system.",
  "main": "main.js",
  "scripts": {
    "postinstall": "install-app-deps",
    "start": "electron .",
    "pack": "build --dir",
    "dist": "build"
  },
  "build": {
    "win": {
      "target": "portable",
      "icon": "srti_modules/srti_logo/srti_logo_dark_512_icon.ico",
	  "extraResources": ["./extraResources/**"]
    }
  },
  "dependencies": {
    "tree-kill": "^1.2.1"
  },
  "devDependencies": {
    "electron": "latest",
    "electron-builder": "^21.2.0"
  }
}
